{
  "best_params": {
    "n_positions": 1,
    "lookbacks": [
      252,
      84,
      21
    ],
    "weights": [
      0.6,
      0.3,
      0.1
    ],
    "skip_recent": 0,
    "rebalance": "M",
    "inv_vol": true,
    "max_weight": 0.4,
    "ma_filter": false,
    "regime": "both",
    "hedge": "gold",
    "allow_short": false,
    "leverage": 1.0
  },
  "best_stats": {
    "CAGR": 0.1897450865179766,
    "TotalReturn": 12.840654088238336,
    "MaxDD": -0.4333278931911273,
    "Vol": 0.2863141249264428,
    "Sharpe": 0.751114804889478,
    "MAR": 0.4378787737864039
  },
  "best_benchmark": {
    "CAGR": 0.12754706819681783,
    "TotalReturn": 5.144393897237356,
    "MaxDD": -0.34301429483265344,
    "Vol": 0.17179928154082527,
    "Sharpe": 0.7862099302247187,
    "MAR": 0.37184184483927785
  },
  "best_fitness": 2.9364071492259365,
  "generated_at": "2025-10-25T13:12:46.127841+00:00"
}