{
  "best_params": {
    "lookbacks": [
      42,
      14,
      7
    ],
    "weights": [
      0.4,
      0.4,
      0.2
    ],
    "skip_recent": 0,
    "rebalance": "D",
    "n_positions_base": 1,
    "allow_two_when_spread": true,
    "allow_three_when_spread": true,
    "spread_threshold1": 0.01,
    "spread_threshold2": 0.0075,
    "abs_mom_gate_base": 0.003,
    "abs_mom_gate_scale_vol": false,
    "max_weight_min": 0.8,
    "max_weight_max": 1.0,
    "cash_buffer_min": 0.02,
    "cash_buffer_max": 0.1,
    "use_regime": false,
    "slow_down_in_chop": false,
    "defensive_override": true,
    "defensive_asset": "IAU"
  },
  "best_stats": {
    "CAGR": 0.2960674517499169,
    "TotalReturn": 49.50882255472821,
    "MaxDD": -0.16171931808946127,
    "Vol": 0.19841619994111045,
    "Sharpe": 1.409103215919212,
    "MAR": 1.8307488260996485
  },
  "best_benchmark": {
    "CAGR": 0.12754706819681783,
    "TotalReturn": 5.144393897237356,
    "MaxDD": -0.34301429483265344,
    "Vol": 0.17179928154082527,
    "Sharpe": 0.7862099302247187,
    "MAR": 0.37184184483927785
  }
}