{
  "best_params": {
    "universe": "EXT",
    "n_positions": 1,
    "lookbacks": [
      252,
      126,
      21
    ],
    "weights": [
      0.4,
      0.4,
      0.2
    ],
    "skip_recent": 0,
    "rebalance": "2W",
    "inv_vol": false,
    "max_weight": 0.6,
    "ma_filter": false
  },
  "best_stats": {
    "CAGR": 0.2952228932098151,
    "TotalReturn": 49.013331962950005,
    "MaxDD": -0.4333278896948206,
    "Vol": 0.3041129083727411,
    "Sharpe": 1.0049331503526304,
    "MAR": 0.6812921582724145
  },
  "best_benchmark": {
    "CAGR": 0.12754706819681783,
    "TotalReturn": 5.144393897237356,
    "MaxDD": -0.34301429483265344,
    "Vol": 0.17179928154082527,
    "Sharpe": 0.7862099302247187,
    "MAR": 0.37184184483927785
  },
  "generated_at": "2025-10-25T10:23:26.424422+00:00"
}