{
  "best_params": {
    "universe": "EXT",
    "n_positions": 1,
    "lookbacks": [
      84,
      21,
      7
    ],
    "weights": [
      0.4,
      0.4,
      0.2
    ],
    "skip_recent": 0,
    "rebalance": "D",
    "max_weight": 0.8,
    "abs_mom_gate": 0.01
  },
  "best_stats": {
    "CAGR": 0.2919728585406447,
    "TotalReturn": 47.1486134323799,
    "MaxDD": -0.31376450458592653,
    "Vol": 0.27623916608426174,
    "Sharpe": 1.0674200577773996,
    "MAR": 0.9305477651972133
  },
  "best_benchmark": {
    "CAGR": 0.12754706819681783,
    "TotalReturn": 5.144393897237356,
    "MaxDD": -0.34301429483265344,
    "Vol": 0.17179928154082527,
    "Sharpe": 0.7862099302247187,
    "MAR": 0.37184184483927785
  },
  "score": 16.44257903438269,
  "generated_at": "2025-10-25T15:34:53.128961+00:00"
}