{
  "config": {
    "SYMBOLS": [
      "VOO",
      "QQQ",
      "IWM",
      "DIA",
      "XLK",
      "XLF",
      "XLV",
      "XLY",
      "XLP",
      "XLI",
      "XLU",
      "XLE",
      "XLRE",
      "XLB"
    ],
    "BASE_SYMBOL": "VOO",
    "YF_PERIOD": "max",
    "START_CAPITAL": 100000.0,
    "N_POSITIONS": 5,
    "LOOKBACK_DAYS": 252,
    "SKIP_RECENT_DAYS": 21,
    "VOL_LOOKBACK": 20,
    "MAX_WEIGHT_PER_ASSET": 0.25,
    "SLIPPAGE_BPS": 1,
    "FEE_BPS": 1,
    "MIN_DOLLAR_VOL_AVG_30D": 2000000,
    "MIN_DAILY_DOLLAR_VOL": 500000,
    "QTY_DECIMALS": 4,
    "BENCHMARK_MODE": "EQUAL"
  },
  "config_hash": "6788ce389882d469a3a57d8b15110e974879c9dc910c98d2af2aded49556ab07",
  "stats_strategy": {
    "CAGR": 0.09951188376552,
    "TotalReturn": 3.198586271079116,
    "MaxDD": -0.2383398935742177,
    "Vol": 0.12936107807808128,
    "Sharpe": 0.7994494729275946,
    "MAR": 0.417520886970324
  },
  "stats_benchmark": {
    "CAGR": 0.12143269093750853,
    "TotalReturn": 4.6593228814404934,
    "MaxDD": -0.3453499815494988,
    "Vol": 0.17197363187161982,
    "Sharpe": 0.7539275788719497,
    "MAR": 0.3516221150285588
  },
  "universe": [
    "VOO",
    "QQQ",
    "IWM",
    "DIA",
    "XLK",
    "XLF",
    "XLV",
    "XLY",
    "XLP",
    "XLI",
    "XLU",
    "XLE",
    "XLRE",
    "XLB"
  ]
}